{"assets/images/game/bg.png":["assets/images/game/bg.png"],"assets/images/game/dash.png":["assets/images/game/dash.png"],"assets/images/game/explosion.png":["assets/images/game/explosion.png"],"assets/images/game/explosion2.png":["assets/images/game/explosion2.png"],"assets/images/game/explosion3.png":["assets/images/game/explosion3.png"],"assets/images/game/gameover.png":["assets/images/game/gameover.png"],"assets/images/game/hotbaloon.png":["assets/images/game/hotbaloon.png"],"assets/images/game/pause_button.png":["assets/images/game/pause_button.png"],"assets/images/game/start.png":["assets/images/game/start.png"],"packages/cupertino_icons/assets/CupertinoIcons.ttf":["packages/cupertino_icons/assets/CupertinoIcons.ttf"]}